-- phpMyAdmin SQL Dump
-- version 4.8.2
-- https://www.phpmyadmin.net/
--
-- Host: localhost
-- Generation Time: Aug 04, 2018 at 05:59 PM
-- Server version: 10.1.34-MariaDB
-- PHP Version: 7.2.7

SET SQL_MODE = "NO_AUTO_VALUE_ON_ZERO";
SET AUTOCOMMIT = 0;
START TRANSACTION;
SET time_zone = "+00:00";


/*!40101 SET @OLD_CHARACTER_SET_CLIENT=@@CHARACTER_SET_CLIENT */;
/*!40101 SET @OLD_CHARACTER_SET_RESULTS=@@CHARACTER_SET_RESULTS */;
/*!40101 SET @OLD_COLLATION_CONNECTION=@@COLLATION_CONNECTION */;
/*!40101 SET NAMES utf8mb4 */;

--
-- Database: `fitness_sitio`
--

-- --------------------------------------------------------

--
-- Table structure for table `actividad_fisica`
--

CREATE TABLE `actividad_fisica` (
  `id` int(11) NOT NULL,
  `nombre` varchar(50) NOT NULL,
  `descripcion` int(200) NOT NULL
) ENGINE=InnoDB DEFAULT CHARSET=latin1;

-- --------------------------------------------------------

--
-- Table structure for table `blog_articulos`
--

CREATE TABLE `blog_articulos` (
  `id` int(11) NOT NULL,
  `titulo` varchar(200) NOT NULL,
  `contenido` text NOT NULL,
  `categoria` int(11) NOT NULL,
  `imagen` varchar(200) NOT NULL,
  `fecha` datetime NOT NULL,
  `status` int(11) NOT NULL DEFAULT '1'
) ENGINE=InnoDB DEFAULT CHARSET=latin1;

--
-- Dumping data for table `blog_articulos`
--

INSERT INTO `blog_articulos` (`id`, `titulo`, `contenido`, `categoria`, `imagen`, `fecha`, `status`) VALUES
(67, 'LE PUDE', 'le pude ', 7, '1533302788.jpg', '2018-08-03 15:43:41', 0),
(68, 'Lorem ipsum dolor', 'Lorem ipsum dolor, sit amet consectetur adipisicing elit. Illum tempora laborum est incidunt sint quo ullam eveniet aspernatur! Laudantium alias iure esse? Nihil natus ipsum vitae minus, voluptates ipsam iure?', 2, 'gallery-2.jpg', '2018-10-10 00:00:00', 0),
(70, 'Lorem ipsum dolor', 'Lorem ipsum dolor sit amet consectetur adipisicing elit. Inventore quam nulla tempora, neque ea nemo recusandae animi aspernatur totam expedita dolores aut eveniet id omnis similique et facere ullam blanditiis?\r\n            Tempora officia, nemo illo quasi ipsa consequuntur hic velit libero iste! Nemo laudantium maiores illum a possimus necessitatibus repellendus nostrum iste, modi animi distinctio, fuga praesentium, inventore quasi esse recusandae.\r\n            Fuga, culpa sunt? Eos voluptatum nemo in voluptatem. Optio aliquid est, earum repellat pariatur quo suscipit. Non quasi corrupti, natus rem facere iure at culpa nesciunt ad quis iste omnis?\r\n            Ipsa nihil officiis veritatis quasi debitis velit? Ex praesentium blanditiis doloribus dolore ipsam vel eos corporis earum nisi obcaecati? Fugit, quo eum asperiores delectus voluptatem accusamus doloremque possimus sint aut.\r\n            Officia officiis dolor, molestias, veniam labore rem animi, nisi vero voluptates voluptate sunt facere voluptatum aliquam ut. Facilis tenetur consequatur dolorum minus, non tempore repellat officia, quos sed provident amet.\r\n            Voluptatem numquam veritatis praesentium cumque blanditiis reprehenderit fugiat? Quidem, tempora alias doloribus illum sed eos placeat perspiciatis dicta tempore atque temporibus, voluptas, aspernatur dolore rem eius error quisquam amet blanditiis?\r\n            Praesentium, maiores cumque natus delectus eligendi iure sit! Nostrum recusandae alias nesciunt facilis ex, sit illum, aspernatur fuga, odio eligendi laudantium veniam ea! Recusandae voluptatem minus dolores consequuntur! Excepturi, vitae!\r\n            Animi inventore, alias sit adipisci nam temporibus explicabo? Assumenda saepe sit dicta magni optio aliquid ea earum accusamus quae perspiciatis, nihil expedita fuga nam sint, voluptas nostrum sapiente necessitatibus! Iste!\r\n            Sed velit, dolor nam id consequatur sint aliquid ex dolorum soluta commodi totam itaque quibusdam repellendus cum nisi. Eligendi impedit rerum inventore cupiditate molestiae, deserunt harum laudantium maxime ipsa suscipit.\r\n            Aut, libero sapiente. Maiores, voluptates amet quisquam praesentium quasi numquam perferendis earum tempora reprehenderit dolorum voluptas iure eius harum consequatur est perspiciatis omnis consectetur blanditiis, libero autem! Repellat, illo tempora!', 2, 'gallery-3.jpg', '2018-10-10 00:00:00', 0),
(72, 'mi primer articulo', 'asdasd', 3, '1532962428.jpg', '0000-00-00 00:00:00', 0),
(73, 'hola nuevo blog', 'asd', 4, '1533149365.jpg', '0000-00-00 00:00:00', 0),
(74, 'pude agregar otro', 'dasdsad', 2, '1533149518.jpg', '0000-00-00 00:00:00', 0),
(75, 'pude agregar otro', 'dasdsad', 2, '1533150096.jpg', '0000-00-00 00:00:00', 0),
(76, 'entrada de hoy', 'aosjdpoasdjpo', 2, '1533151724.jpg', '0000-00-00 00:00:00', 0),
(77, 'asdasd', 'asdsad', 4, '1533153065.jpg', '0000-00-00 00:00:00', 0),
(78, 'mi primer articulo con fecha', 'asd', 4, '1533238877.jpg', '2018-08-02 21:41:17', 0),
(79, 'agrego articulo 12312312312', 'adsasd', 25, '1533297988.jpg', '2018-08-03 14:06:28', 1),
(80, 'Un nuevo artículo para hoy', 'ejejeje', 8, '1533303621.jpg', '0000-00-00 00:00:00', 1),
(81, 'HOLA CHAU', 'asdasd', 26, '1533303962.jpg', '2018-08-03 15:46:02', 0);

-- --------------------------------------------------------

--
-- Table structure for table `blog_categorias`
--

CREATE TABLE `blog_categorias` (
  `id` int(11) NOT NULL,
  `nombre` varchar(200) NOT NULL,
  `descripcion` text NOT NULL
) ENGINE=InnoDB DEFAULT CHARSET=latin1;

--
-- Dumping data for table `blog_categorias`
--

INSERT INTO `blog_categorias` (`id`, `nombre`, `descripcion`) VALUES
(2, 'primer categoría', ''),
(3, 'segunda categoría', ''),
(4, 'tercera categoría', ''),
(7, 'Entrenamientos', ''),
(8, 'Nutrición', ''),
(9, 'Suplementación', ''),
(10, 'Motivación', ''),
(11, 'Estilo de vida', ''),
(12, 'Recuperación', ''),
(13, 'Otra categoría del blog', 'lorem impsum'),
(20, 'asd', 'ASD'),
(22, 'ssss', 'asd'),
(24, 'agrego categoria sin descripción', ''),
(25, 'flash message', 'asddasdsa'),
(26, 'ingre el nombre', 'fasdsa'),
(28, 'xxxx', 'asd'),
(31, 'aasd', '12');

-- --------------------------------------------------------

--
-- Table structure for table `blog_categorias_en`
--

CREATE TABLE `blog_categorias_en` (
  `id` int(11) NOT NULL,
  `name` varchar(50) NOT NULL,
  `description` text NOT NULL
) ENGINE=InnoDB DEFAULT CHARSET=latin1;

--
-- Dumping data for table `blog_categorias_en`
--

INSERT INTO `blog_categorias_en` (`id`, `name`, `description`) VALUES
(1, 'Workouts', '\r\n'),
(2, 'Nutrition', ''),
(3, 'Supplementation', ''),
(4, 'Motivation', ''),
(5, 'Lifestyle', ''),
(6, 'Recovery', '');

-- --------------------------------------------------------

--
-- Table structure for table `ci_sessions`
--

CREATE TABLE `ci_sessions` (
  `id` varchar(128) NOT NULL,
  `ip_address` varchar(45) NOT NULL,
  `timestamp` int(10) UNSIGNED NOT NULL DEFAULT '0',
  `data` blob NOT NULL
) ENGINE=InnoDB DEFAULT CHARSET=latin1;

--
-- Dumping data for table `ci_sessions`
--

INSERT INTO `ci_sessions` (`id`, `ip_address`, `timestamp`, `data`) VALUES
('0eb499677586ecdfd4350e16e277baa021c46c3b', '127.0.0.1', 1533202130, 0x5f5f63695f6c6173745f726567656e65726174657c693a313533333230313835313b7573756172696f5f61646d696e7c623a313b6c6f67696e5f6f6b7c623a313b),
('0fc325d8a83710f7687da96d23d0c88ef64662c3', '127.0.0.1', 1533308636, 0x5f5f63695f6c6173745f726567656e65726174657c693a313533333330383633363b7573756172696f5f61646d696e7c623a313b6c6f67696e5f6f6b7c623a313b),
('110b1225034c8c110884b9b254ce8014fb7a8dbe', '127.0.0.1', 1533145144, 0x5f5f63695f6c6173745f726567656e65726174657c693a313533333134353134343b7573756172696f5f61646d696e7c623a313b6c6f67696e5f6f6b7c623a313b),
('127806b32571654ae6b98111db8f9c052858af68', '127.0.0.1', 1533198353, 0x5f5f63695f6c6173745f726567656e65726174657c693a313533333139383335333b7573756172696f5f61646d696e7c623a313b6c6f67696e5f6f6b7c623a313b),
('130be773c9e979c72302aa376fa806ab6962c28d', '127.0.0.1', 1533201232, 0x5f5f63695f6c6173745f726567656e65726174657c693a313533333230313233323b7573756172696f5f61646d696e7c623a313b6c6f67696e5f6f6b7c623a313b),
('1532bf447a3a84cfb7e863adb2ad3801af684612', '127.0.0.1', 1533298870, 0x5f5f63695f6c6173745f726567656e65726174657c693a313533333239383837303b7573756172696f5f61646d696e7c623a313b6c6f67696e5f6f6b7c623a313b),
('15877bec366bc95c498d2105677b74401a8e5289', '127.0.0.1', 1533150811, 0x5f5f63695f6c6173745f726567656e65726174657c693a313533333135303831313b7573756172696f5f61646d696e7c623a313b6c6f67696e5f6f6b7c623a313b),
('16ded1c5aea06b263e1b9d5712354a272e026a1e', '127.0.0.1', 1533307524, 0x5f5f63695f6c6173745f726567656e65726174657c693a313533333330373532343b7573756172696f5f61646d696e7c623a313b6c6f67696e5f6f6b7c623a313b),
('1fd99fba592d1d48205067e3fea9e7bf2ba112ca', '127.0.0.1', 1533296681, 0x5f5f63695f6c6173745f726567656e65726174657c693a313533333239363638313b7573756172696f5f61646d696e7c623a313b6c6f67696e5f6f6b7c623a313b6f6b7c733a33323a2243617465676f72c3ad6120616772656761646120657869746f73616d656e7465223b5f5f63695f766172737c613a313a7b733a323a226f6b223b733a333a226f6c64223b7d),
('2273817638c23f7b1d41e1aa0f7bf7ea23809ba3', '127.0.0.1', 1533307906, 0x5f5f63695f6c6173745f726567656e65726174657c693a313533333330373930363b7573756172696f5f61646d696e7c623a313b6c6f67696e5f6f6b7c623a313b),
('22d21017af0d3b34453ce67a8d0ad1ec10df3725', '127.0.0.1', 1533306828, 0x5f5f63695f6c6173745f726567656e65726174657c693a313533333330363832383b7573756172696f5f61646d696e7c623a313b6c6f67696e5f6f6b7c623a313b),
('27ab669c0a7af31bfc33ebbf714f2322ad3a898e', '127.0.0.1', 1533375594, 0x5f5f63695f6c6173745f726567656e65726174657c693a313533333337353539343b7573756172696f5f61646d696e7c623a313b6c6f67696e5f6f6b7c623a313b5f5f63695f766172737c613a323a7b733a323a226f6b223b733a333a226e6577223b733a353a226572726f72223b733a333a226e6577223b7d6f6b7c733a33323a2250726f647563746f206d6f646966696361646f20657869746f73616d656e7465223b6572726f727c733a31343a22313533333337353338382e6a7067223b),
('28baaf790f3f34fbd80f0c04d3c95d50ea0d5307', '127.0.0.1', 1533151789, 0x5f5f63695f6c6173745f726567656e65726174657c693a313533333135313738393b7573756172696f5f61646d696e7c623a313b6c6f67696e5f6f6b7c623a313b),
('2a80cd93eaa86d572726cdc04e3265ec5b7535f5', '127.0.0.1', 1533374891, 0x5f5f63695f6c6173745f726567656e65726174657c693a313533333337343839313b7573756172696f5f61646d696e7c623a313b6c6f67696e5f6f6b7c623a313b6572726f727c733a35313a224f6375727269c3b320756e206572726f7220616c20696e74656e746172207375626972206c61206e7565766120696d6167656e223b5f5f63695f766172737c613a323a7b733a353a226572726f72223b733a333a226e6577223b733a323a226f6b223b733a333a226e6577223b7d6f6b7c733a33323a2250726f647563746f206d6f646966696361646f20657869746f73616d656e7465223b),
('2b62693a2e05707101cd3ca1667e0710f6c9767e', '127.0.0.1', 1533197230, 0x5f5f63695f6c6173745f726567656e65726174657c693a313533333139373233303b7573756172696f5f61646d696e7c623a313b6c6f67696e5f6f6b7c623a313b),
('30c0257675bcd1e21c7d3fe62b1934e1b8601150', '127.0.0.1', 1533300417, 0x5f5f63695f6c6173745f726567656e65726174657c693a313533333330303431373b7573756172696f5f61646d696e7c623a313b6c6f67696e5f6f6b7c623a313b),
('347f0e8126a534e36184de4b2b10199fa48afcfc', '127.0.0.1', 1533306760, 0x5f5f63695f6c6173745f726567656e65726174657c693a313533333330363736303b),
('366a5d2b0f520eadec68ba13c09e9328438ec29c', '127.0.0.1', 1533302603, 0x5f5f63695f6c6173745f726567656e65726174657c693a313533333330323630333b7573756172696f5f61646d696e7c623a313b6c6f67696e5f6f6b7c623a313b6572726f727c4e3b6f6b7c733a33333a22417274c3ad63756c6f206d6f646966696361646f20657869746f73616d656e7465223b5f5f63695f766172737c613a313a7b733a323a226f6b223b733a333a226e6577223b7d),
('36daf4833d3466d92c393de0d87e7b7397967027', '127.0.0.1', 1533295887, 0x5f5f63695f6c6173745f726567656e65726174657c693a313533333239353838373b7573756172696f5f61646d696e7c623a313b6c6f67696e5f6f6b7c623a313b6f6b7c733a33323a2243617465676f72c3ad6120616772656761646120657869746f73616d656e7465223b5f5f63695f766172737c613a313a7b733a323a226f6b223b733a333a226f6c64223b7d),
('37bf3c2e4f6101d9e677cffffeb67444a3953ff1', '127.0.0.1', 1533154199, 0x5f5f63695f6c6173745f726567656e65726174657c693a313533333135343139393b7573756172696f5f61646d696e7c623a313b6c6f67696e5f6f6b7c623a313b),
('381c71a0df8bd3d9d22f7067bbd26a9791257ec6', '127.0.0.1', 1533148472, 0x5f5f63695f6c6173745f726567656e65726174657c693a313533333134383437323b7573756172696f5f61646d696e7c623a313b6c6f67696e5f6f6b7c623a313b),
('38e22721281e36e351f0b809401b08b5c32f80ab', '127.0.0.1', 1533143373, 0x5f5f63695f6c6173745f726567656e65726174657c693a313533333134333337333b),
('3f0f268381226e8ef6547e0613a515c25840dfbd', '127.0.0.1', 1533152110, 0x5f5f63695f6c6173745f726567656e65726174657c693a313533333135323131303b7573756172696f5f61646d696e7c623a313b6c6f67696e5f6f6b7c623a313b),
('45b42a666db72aad05d5ff3feb5148b4a5155e82', '127.0.0.1', 1533145689, 0x5f5f63695f6c6173745f726567656e65726174657c693a313533333134353638393b7573756172696f5f61646d696e7c623a313b6c6f67696e5f6f6b7c623a313b),
('45df096fd74ad86111fbec4a2dce2ab0b7a7643e', '127.0.0.1', 1533396047, 0x5f5f63695f6c6173745f726567656e65726174657c693a313533333339353739373b7573756172696f5f61646d696e7c623a313b6c6f67696e5f6f6b7c623a313b6f6b7c733a32303a227573616e646f20666c6173682064617461206f6b223b5f5f63695f766172737c613a323a7b733a323a226f6b223b733a333a226f6c64223b733a353a226572726f72223b733a333a226f6c64223b7d6572726f727c733a32333a227573616e646f20666c6173682064617461206572726f72223b),
('46e8cf58aec7857b6a2725fa26ad067d584f1a22', '127.0.0.1', 1533151453, 0x5f5f63695f6c6173745f726567656e65726174657c693a313533333135313435333b7573756172696f5f61646d696e7c623a313b6c6f67696e5f6f6b7c623a313b),
('4762872971677342783868b27a1687704c6ba284', '127.0.0.1', 1533376929, 0x5f5f63695f6c6173745f726567656e65726174657c693a313533333337363932393b7573756172696f5f61646d696e7c623a313b6c6f67696e5f6f6b7c623a313b),
('49bc5902d848f495d8affc4eaef678bf7bc091bb', '127.0.0.1', 1533308249, 0x5f5f63695f6c6173745f726567656e65726174657c693a313533333330383234393b7573756172696f5f61646d696e7c623a313b6c6f67696e5f6f6b7c623a313b),
('4aa3f37a3fdaac6018e14149a64e0919032c8920', '127.0.0.1', 1533310636, 0x5f5f63695f6c6173745f726567656e65726174657c693a313533333331303633363b7573756172696f5f61646d696e7c623a313b6c6f67696e5f6f6b7c623a313b),
('4b72c62a045b6197d6fcf777e2d3082d9ee0e94c', '127.0.0.1', 1533373840, 0x5f5f63695f6c6173745f726567656e65726174657c693a313533333337333834303b7573756172696f5f61646d696e7c623a313b6c6f67696e5f6f6b7c623a313b),
('4f739254e7ef14061162f8b69bbf4865d2516eff', '127.0.0.1', 1533237293, 0x5f5f63695f6c6173745f726567656e65726174657c693a313533333233373239333b7573756172696f5f61646d696e7c623a313b6c6f67696e5f6f6b7c623a313b),
('548686662aa56d18bd73e9f690602fa47c493dc9', '127.0.0.1', 1533294260, 0x5f5f63695f6c6173745f726567656e65726174657c693a313533333239343236303b7573756172696f5f61646d696e7c623a313b6c6f67696e5f6f6b7c623a313b),
('5611318eecd37ec11304102dc5fa0e02f679d0a5', '127.0.0.1', 1533302216, 0x5f5f63695f6c6173745f726567656e65726174657c693a313533333330323231363b7573756172696f5f61646d696e7c623a313b6c6f67696e5f6f6b7c623a313b6572726f727c4e3b6f6b7c733a33333a22417274c3ad63756c6f206d6f646966696361646f20657869746f73616d656e7465223b5f5f63695f766172737c613a313a7b733a323a226f6b223b733a333a226f6c64223b7d),
('5c2f3741d8c38661a4666d879efed2ad6371b2b7', '127.0.0.1', 1533238474, 0x5f5f63695f6c6173745f726567656e65726174657c693a313533333233383437343b7573756172696f5f61646d696e7c623a313b6c6f67696e5f6f6b7c623a313b),
('5db33853da78b7953ffcbf4ac0302d0bdba7e8c4', '127.0.0.1', 1533300855, 0x5f5f63695f6c6173745f726567656e65726174657c693a313533333330303835353b7573756172696f5f61646d696e7c623a313b6c6f67696e5f6f6b7c623a313b),
('621445c059e391e1db930659b157df88cbd837c7', '127.0.0.1', 1533307129, 0x5f5f63695f6c6173745f726567656e65726174657c693a313533333330373132393b7573756172696f5f61646d696e7c623a313b6c6f67696e5f6f6b7c623a313b),
('65cadec03cd9041a01c20fd1ebd769ffe32001e6', '127.0.0.1', 1533146331, 0x5f5f63695f6c6173745f726567656e65726174657c693a313533333134363333313b7573756172696f5f61646d696e7c623a313b6c6f67696e5f6f6b7c623a313b),
('65e8242182b197bc4adfcf6e1105acfb4cd4ef3f', '127.0.0.1', 1533309740, 0x5f5f63695f6c6173745f726567656e65726174657c693a313533333330393734303b7573756172696f5f61646d696e7c623a313b6c6f67696e5f6f6b7c623a313b),
('66d511024ffc25eb5756d3b56c0f97812a3e0425', '127.0.0.1', 1533148993, 0x5f5f63695f6c6173745f726567656e65726174657c693a313533333134383939333b7573756172696f5f61646d696e7c623a313b6c6f67696e5f6f6b7c623a313b),
('6c09cad92fc773c34f20ec73231568d0d3360fa1', '127.0.0.1', 1533198662, 0x5f5f63695f6c6173745f726567656e65726174657c693a313533333139383636323b7573756172696f5f61646d696e7c623a313b6c6f67696e5f6f6b7c623a313b),
('6dd63af77effb15119d840b43e83a2e9bf1c8bce', '127.0.0.1', 1533144190, 0x5f5f63695f6c6173745f726567656e65726174657c693a313533333134343139303b),
('6e4a2655263f0c38d69501d0f1257656256c3213', '127.0.0.1', 1533153889, 0x5f5f63695f6c6173745f726567656e65726174657c693a313533333135333838393b7573756172696f5f61646d696e7c623a313b6c6f67696e5f6f6b7c623a313b),
('713a0787849d25e69bca0c214651728593fe8368', '127.0.0.1', 1533147216, 0x5f5f63695f6c6173745f726567656e65726174657c693a313533333134373231363b7573756172696f5f61646d696e7c623a313b6c6f67696e5f6f6b7c623a313b),
('7334e4073dd06f6cdce1bd4d634deb4a291c891c', '127.0.0.1', 1533299390, 0x5f5f63695f6c6173745f726567656e65726174657c693a313533333239393339303b7573756172696f5f61646d696e7c623a313b6c6f67696e5f6f6b7c623a313b),
('75551b7de8c4e87ecb3643f2dec980564033f715', '127.0.0.1', 1533303597, 0x5f5f63695f6c6173745f726567656e65726174657c693a313533333330333539373b7573756172696f5f61646d696e7c623a313b6c6f67696e5f6f6b7c623a313b6f6b7c733a33333a22417274c3ad63756c6f206d6f646966696361646f20657869746f73616d656e7465223b5f5f63695f766172737c613a313a7b733a323a226f6b223b733a333a226f6c64223b7d),
('75bf7a222326f3ee482ce4525fef61669d6d29f6', '127.0.0.1', 1533151150, 0x5f5f63695f6c6173745f726567656e65726174657c693a313533333135313135303b7573756172696f5f61646d696e7c623a313b6c6f67696e5f6f6b7c623a313b),
('7ad4166fdd159b60e100385a30a1948883f97fbc', '127.0.0.1', 1533149318, 0x5f5f63695f6c6173745f726567656e65726174657c693a313533333134393331383b7573756172696f5f61646d696e7c623a313b6c6f67696e5f6f6b7c623a313b),
('7bf824efef76cbf88cfb0746e6cbc9163ea111c5', '127.0.0.1', 1533298533, 0x5f5f63695f6c6173745f726567656e65726174657c693a313533333239383533333b7573756172696f5f61646d696e7c623a313b6c6f67696e5f6f6b7c623a313b),
('7cb607205c54b53d03cefb7fc3b8f7a6ace5417e', '127.0.0.1', 1533306515, 0x5f5f63695f6c6173745f726567656e65726174657c693a313533333330363531353b7573756172696f5f61646d696e7c623a313b6c6f67696e5f6f6b7c623a313b),
('7d77c50afc88ddbc34f172fa9bee0a55f687965d', '127.0.0.1', 1533150437, 0x5f5f63695f6c6173745f726567656e65726174657c693a313533333135303433373b7573756172696f5f61646d696e7c623a313b6c6f67696e5f6f6b7c623a313b),
('7e0d130d7ab3c9c1cd578dadfa5d97ab5e7724c8', '127.0.0.1', 1533306760, 0x5f5f63695f6c6173745f726567656e65726174657c693a313533333330363736303b),
('7e6846b0a9d016444112167ae4c798211ee9fc65', '127.0.0.1', 1533311240, 0x5f5f63695f6c6173745f726567656e65726174657c693a313533333331313234303b7573756172696f5f61646d696e7c623a313b6c6f67696e5f6f6b7c623a313b6f6b7c733a33323a2250726f647563746f206d6f646966696361646f20657869746f73616d656e7465223b5f5f63695f766172737c613a313a7b733a323a226f6b223b733a333a226f6c64223b7d),
('7f17a8c0a64b01ae91ba95810b820fb2a0f1cbf7', '127.0.0.1', 1533301501, 0x5f5f63695f6c6173745f726567656e65726174657c693a313533333330313530313b7573756172696f5f61646d696e7c623a313b6c6f67696e5f6f6b7c623a313b),
('7fe888f972f633bb433ee311f57ab0084ef5b289', '127.0.0.1', 1533199687, 0x5f5f63695f6c6173745f726567656e65726174657c693a313533333139393638373b7573756172696f5f61646d696e7c623a313b6c6f67696e5f6f6b7c623a313b),
('82ba98161467607a132401f2eb7f323fc0ed0817', '127.0.0.1', 1533201851, 0x5f5f63695f6c6173745f726567656e65726174657c693a313533333230313835313b7573756172696f5f61646d696e7c623a313b6c6f67696e5f6f6b7c623a313b),
('832b1f27beb51f66962f72dcb16e3fa83564630e', '127.0.0.1', 1533145333, 0x5f5f63695f6c6173745f726567656e65726174657c693a313533333134353333333b),
('834763ba652ea684b0d26cf9b64d7c8d3c46c3e9', '127.0.0.1', 1533375198, 0x5f5f63695f6c6173745f726567656e65726174657c693a313533333337353139383b7573756172696f5f61646d696e7c623a313b6c6f67696e5f6f6b7c623a313b),
('8b44e6d9fe1dd0a335fc5f80c2ec32a5a3ca49c8', '127.0.0.1', 1533197543, 0x5f5f63695f6c6173745f726567656e65726174657c693a313533333139373534333b7573756172696f5f61646d696e7c623a313b6c6f67696e5f6f6b7c623a313b),
('8ba0f5958af07ea0129c58015814b0e48f23e6bc', '127.0.0.1', 1533295579, 0x5f5f63695f6c6173745f726567656e65726174657c693a313533333239353537393b7573756172696f5f61646d696e7c623a313b6c6f67696e5f6f6b7c623a313b),
('8ba8f248b6423e299759191e532e48171ec50a32', '127.0.0.1', 1533298165, 0x5f5f63695f6c6173745f726567656e65726174657c693a313533333239383136353b7573756172696f5f61646d696e7c623a313b6c6f67696e5f6f6b7c623a313b),
('8f6fc8fe14cefabafaa96a566f66e35b9a146411', '127.0.0.1', 1533376949, 0x5f5f63695f6c6173745f726567656e65726174657c693a313533333337363932393b7573756172696f5f61646d696e7c623a313b6c6f67696e5f6f6b7c623a313b6f6b7c733a32303a227573616e646f20666c6173682064617461206f6b223b5f5f63695f766172737c613a323a7b733a323a226f6b223b733a333a226e6577223b733a353a226572726f72223b733a333a226e6577223b7d6572726f727c733a32333a227573616e646f20666c6173682064617461206572726f72223b),
('901cfc4622c6351f947dfccfe5ca3dae7393b7a2', '127.0.0.1', 1533297069, 0x5f5f63695f6c6173745f726567656e65726174657c693a313533333239373036393b7573756172696f5f61646d696e7c623a313b6c6f67696e5f6f6b7c623a313b),
('904a2cf63344ad384b63dd71582ba391069925d4', '127.0.0.1', 1533152846, 0x5f5f63695f6c6173745f726567656e65726174657c693a313533333135323834363b7573756172696f5f61646d696e7c623a313b6c6f67696e5f6f6b7c623a313b),
('90e7e868c779ed728c5f3c547ffb43abb51e90bb', '127.0.0.1', 1533374494, 0x5f5f63695f6c6173745f726567656e65726174657c693a313533333337343439343b7573756172696f5f61646d696e7c623a313b6c6f67696e5f6f6b7c623a313b6f6b7c733a33323a2250726f647563746f206d6f646966696361646f20657869746f73616d656e7465223b5f5f63695f766172737c613a313a7b733a323a226f6b223b733a333a226e6577223b7d),
('9426ad60416d1a0d31baf657b94f80431c0faacf', '127.0.0.1', 1533147556, 0x5f5f63695f6c6173745f726567656e65726174657c693a313533333134373535363b7573756172696f5f61646d696e7c623a313b6c6f67696e5f6f6b7c623a313b),
('96c9cb86c514a536cacd727f45ab1a4d90598454', '127.0.0.1', 1533310266, 0x5f5f63695f6c6173745f726567656e65726174657c693a313533333331303236363b7573756172696f5f61646d696e7c623a313b6c6f67696e5f6f6b7c623a313b),
('97d2f5a813751a43f2b9d55d24a9e78560e97813', '127.0.0.1', 1533142965, 0x5f5f63695f6c6173745f726567656e65726174657c693a313533333134323936353b),
('9b86841689440bfe2c1c95109030d1cde1da982d', '127.0.0.1', 1533153526, 0x5f5f63695f6c6173745f726567656e65726174657c693a313533333135333532363b7573756172696f5f61646d696e7c623a313b6c6f67696e5f6f6b7c623a313b),
('9ee5976bce9181258fe3cfa245a2425ff5362bf1', '127.0.0.1', 1533297824, 0x5f5f63695f6c6173745f726567656e65726174657c693a313533333239373832343b7573756172696f5f61646d696e7c623a313b6c6f67696e5f6f6b7c623a313b),
('a4293bd762d47d8cf2818c990b34fc3a91f20e31', '127.0.0.1', 1533147857, 0x5f5f63695f6c6173745f726567656e65726174657c693a313533333134373835373b7573756172696f5f61646d696e7c623a313b6c6f67696e5f6f6b7c623a313b),
('a5b16294a431648f1c852f142f5e4537731968bf', '127.0.0.1', 1533150086, 0x5f5f63695f6c6173745f726567656e65726174657c693a313533333135303038363b7573756172696f5f61646d696e7c623a313b6c6f67696e5f6f6b7c623a313b),
('acf26a41a598669bf2ef9621f2b15a08339b009d', '127.0.0.1', 1533196917, 0x5f5f63695f6c6173745f726567656e65726174657c693a313533333139363931373b7573756172696f5f61646d696e7c623a313b6c6f67696e5f6f6b7c623a313b),
('af516788d96f8d8bbc5540cabdb9308bbac57e00', '127.0.0.1', 1533309435, 0x5f5f63695f6c6173745f726567656e65726174657c693a313533333330393433353b7573756172696f5f61646d696e7c623a313b6c6f67696e5f6f6b7c623a313b),
('b0db8e12ed829e0686258537762202b421af6e74', '127.0.0.1', 1533297429, 0x5f5f63695f6c6173745f726567656e65726174657c693a313533333239373432393b7573756172696f5f61646d696e7c623a313b6c6f67696e5f6f6b7c623a313b),
('b117c399df9f4f2f853ed90ed9edc39f26a578ae', '127.0.0.1', 1533296325, 0x5f5f63695f6c6173745f726567656e65726174657c693a313533333239363332353b7573756172696f5f61646d696e7c623a313b6c6f67696e5f6f6b7c623a313b6f6b7c733a32303a227573616e646f20666c6173682064617461206f6b223b5f5f63695f766172737c613a323a7b733a323a226f6b223b733a333a226e6577223b733a353a226572726f72223b733a333a226e6577223b7d6572726f727c733a32333a227573616e646f20666c6173682064617461206572726f72223b),
('b2e036ee53120b2cc2cf528824b7991a24a78a0b', '127.0.0.1', 1533155748, 0x5f5f63695f6c6173745f726567656e65726174657c693a313533333135353734383b7573756172696f5f61646d696e7c623a313b6c6f67696e5f6f6b7c623a313b),
('b343c20503dfe6c49ebcd11a2fd6c23f159e2c01', '127.0.0.1', 1533156555, 0x5f5f63695f6c6173745f726567656e65726174657c693a313533333135363434333b7573756172696f5f61646d696e7c623a313b6c6f67696e5f6f6b7c623a313b),
('b3dc3ca980536c11100199272df2ee66dbbeb8c9', '127.0.0.1', 1533301877, 0x5f5f63695f6c6173745f726567656e65726174657c693a313533333330313837373b7573756172696f5f61646d696e7c623a313b6c6f67696e5f6f6b7c623a313b),
('baa6d7aa2a6be0ce8b9b05857122315793067be0', '127.0.0.1', 1533311678, 0x5f5f63695f6c6173745f726567656e65726174657c693a313533333331313637383b7573756172696f5f61646d696e7c623a313b6c6f67696e5f6f6b7c623a313b6f6b7c733a33323a2250726f647563746f206d6f646966696361646f20657869746f73616d656e7465223b5f5f63695f766172737c613a313a7b733a323a226f6b223b733a333a226e6577223b7d),
('bc0a957357d48b66c99adc573bcead99d3553604', '127.0.0.1', 1533305748, 0x5f5f63695f6c6173745f726567656e65726174657c693a313533333330353734383b7573756172696f5f61646d696e7c623a313b6c6f67696e5f6f6b7c623a313b),
('c03cb5c454b063228ed4e1deda35248913728c33', '127.0.0.1', 1533376214, 0x5f5f63695f6c6173745f726567656e65726174657c693a313533333337363231343b7573756172696f5f61646d696e7c623a313b6c6f67696e5f6f6b7c623a313b),
('c31eae66d865ba887bd6a331ddc2f90e0fdac131', '127.0.0.1', 1533238812, 0x5f5f63695f6c6173745f726567656e65726174657c693a313533333233383831323b7573756172696f5f61646d696e7c623a313b6c6f67696e5f6f6b7c623a313b),
('c4060d007adae1abd35bca951bbcae05c9afb17f', '127.0.0.1', 1533374185, 0x5f5f63695f6c6173745f726567656e65726174657c693a313533333337343138353b7573756172696f5f61646d696e7c623a313b6c6f67696e5f6f6b7c623a313b6f6b7c733a33323a2250726f647563746f206d6f646966696361646f20657869746f73616d656e7465223b5f5f63695f766172737c613a313a7b733a323a226f6b223b733a333a226e6577223b7d),
('c5a7d3a98e24fa650506632d002df1cc689a0ba1', '127.0.0.1', 1533200434, 0x5f5f63695f6c6173745f726567656e65726174657c693a313533333230303433343b7573756172696f5f61646d696e7c623a313b6c6f67696e5f6f6b7c623a313b),
('c6ef83465cb2d6e16aace63066c84c5c054ffcea', '127.0.0.1', 1533152542, 0x5f5f63695f6c6173745f726567656e65726174657c693a313533333135323534323b7573756172696f5f61646d696e7c623a313b6c6f67696e5f6f6b7c623a313b),
('cb7b675ac04e2a20df184f16c3bd4386cb1fe0d7', '127.0.0.1', 1533310938, 0x5f5f63695f6c6173745f726567656e65726174657c693a313533333331303933383b7573756172696f5f61646d696e7c623a313b6c6f67696e5f6f6b7c623a313b6f6b7c733a33323a2250726f647563746f206d6f646966696361646f20657869746f73616d656e7465223b5f5f63695f766172737c613a313a7b733a323a226f6b223b733a333a226f6c64223b7d),
('ce923fb7e9845b15092fcb389b65c9aad53e4e2f', '127.0.0.1', 1533236917, 0x5f5f63695f6c6173745f726567656e65726174657c693a313533333233363931373b7573756172696f5f61646d696e7c623a313b6c6f67696e5f6f6b7c623a313b),
('d3fb44c092c9973f03a3e3f5ba8d3b9da96c6ce7', '127.0.0.1', 1533156443, 0x5f5f63695f6c6173745f726567656e65726174657c693a313533333135363434333b7573756172696f5f61646d696e7c623a313b6c6f67696e5f6f6b7c623a313b),
('d730f174f8e1571c48a6e2081966a3b18256e445', '127.0.0.1', 1533238880, 0x5f5f63695f6c6173745f726567656e65726174657c693a313533333233383831323b7573756172696f5f61646d696e7c623a313b6c6f67696e5f6f6b7c623a313b),
('d9fae1fb7e827621be0507ca7605b4d7270cb1c7', '127.0.0.1', 1533148171, 0x5f5f63695f6c6173745f726567656e65726174657c693a313533333134383137313b7573756172696f5f61646d696e7c623a313b6c6f67696e5f6f6b7c623a313b),
('dbd7d15cbe4f128ef28e22f859ec20fc1f2efa80', '127.0.0.1', 1533154850, 0x5f5f63695f6c6173745f726567656e65726174657c693a313533333135343835303b7573756172696f5f61646d696e7c623a313b6c6f67696e5f6f6b7c623a313b),
('dc4a6ac191c12479ad00886f08da10dfd8523f01', '127.0.0.1', 1533376541, 0x5f5f63695f6c6173745f726567656e65726174657c693a313533333337363534313b7573756172696f5f61646d696e7c623a313b6c6f67696e5f6f6b7c623a313b6f6b7c733a33323a2243617465676f72c3ad6120616772656761646120657869746f73616d656e7465223b5f5f63695f766172737c613a313a7b733a323a226f6b223b733a333a226f6c64223b7d),
('e25e9f2c7348dda7c75f4c903728074c2fd74164', '127.0.0.1', 1533237666, 0x5f5f63695f6c6173745f726567656e65726174657c693a313533333233373636363b7573756172696f5f61646d696e7c623a313b6c6f67696e5f6f6b7c623a313b),
('e4e04b41e3457f5459fc8bf386dfde6d151f2e44', '127.0.0.1', 1533200007, 0x5f5f63695f6c6173745f726567656e65726174657c693a313533333230303030373b7573756172696f5f61646d696e7c623a313b6c6f67696e5f6f6b7c623a313b),
('eaf1128f72e160afb4569849aa906c6eb3de4a73', '127.0.0.1', 1533154530, 0x5f5f63695f6c6173745f726567656e65726174657c693a313533333135343533303b7573756172696f5f61646d696e7c623a313b6c6f67696e5f6f6b7c623a313b),
('eb2f6ec43fc3766f0d45f02fd2e79259d00b0398', '127.0.0.1', 1533146001, 0x5f5f63695f6c6173745f726567656e65726174657c693a313533333134363030313b7573756172696f5f61646d696e7c623a313b6c6f67696e5f6f6b7c623a313b),
('eb5b7879e7e97ac11c64c048ad240884e3e7fb97', '127.0.0.1', 1533146898, 0x5f5f63695f6c6173745f726567656e65726174657c693a313533333134363839383b7573756172696f5f61646d696e7c623a313b6c6f67696e5f6f6b7c623a313b),
('eecd58cdfc6b0223f839cb7aeb377486ff909028', '127.0.0.1', 1533199162, 0x5f5f63695f6c6173745f726567656e65726174657c693a313533333139393136323b7573756172696f5f61646d696e7c623a313b6c6f67696e5f6f6b7c623a313b),
('ef5b18530c91e228847d1dd21ae1a8e0b678f830', '127.0.0.1', 1533236609, 0x5f5f63695f6c6173745f726567656e65726174657c693a313533333233363630393b7573756172696f5f61646d696e7c623a313b6c6f67696e5f6f6b7c623a313b),
('f209051394810e5ca5fdd48fd328551e9b199202', '127.0.0.1', 1533153202, 0x5f5f63695f6c6173745f726567656e65726174657c693a313533333135333230323b7573756172696f5f61646d696e7c623a313b6c6f67696e5f6f6b7c623a313b),
('f21da379fa374fc0b78479617a0497354b7c7505', '127.0.0.1', 1533156093, 0x5f5f63695f6c6173745f726567656e65726174657c693a313533333135363039333b7573756172696f5f61646d696e7c623a313b6c6f67696e5f6f6b7c623a313b),
('f501cc7c20211c7e77d5af65391f64d875168983', '127.0.0.1', 1533303948, 0x5f5f63695f6c6173745f726567656e65726174657c693a313533333330333934383b7573756172696f5f61646d696e7c623a313b6c6f67696e5f6f6b7c623a313b6f6b7c733a33333a22417274c3ad63756c6f206d6f646966696361646f20657869746f73616d656e7465223b5f5f63695f766172737c613a313a7b733a323a226f6b223b733a333a226f6c64223b7d),
('faff39fdf0c67d6f53bc4dcf0e2598ddedcee0e1', '127.0.0.1', 1533311966, 0x5f5f63695f6c6173745f726567656e65726174657c693a313533333331313637383b7573756172696f5f61646d696e7c623a313b6c6f67696e5f6f6b7c623a313b6f6b7c733a33323a2250726f647563746f206d6f646966696361646f20657869746f73616d656e7465223b5f5f63695f766172737c613a313a7b733a323a226f6b223b733a333a226e6577223b7d),
('fd7d7798d3a3f4a2ff6b6b88b4229f5fc45ab81d', '127.0.0.1', 1533299713, 0x5f5f63695f6c6173745f726567656e65726174657c693a313533333239393731333b7573756172696f5f61646d696e7c623a313b6c6f67696e5f6f6b7c623a313b),
('fde1415fd8181d47724c536eec8be020ab1c641e', '127.0.0.1', 1533144501, 0x5f5f63695f6c6173745f726567656e65726174657c693a313533333134343530313b);

-- --------------------------------------------------------

--
-- Table structure for table `clientes`
--

CREATE TABLE `clientes` (
  `id` int(11) NOT NULL,
  `nombre` varchar(50) NOT NULL,
  `apellido` varchar(50) NOT NULL,
  `sexo` char(1) NOT NULL
) ENGINE=InnoDB DEFAULT CHARSET=latin1 COMMENT='comentario de la taba';

--
-- Dumping data for table `clientes`
--

INSERT INTO `clientes` (`id`, `nombre`, `apellido`, `sexo`) VALUES
(1, 'alexis', 'romero', 'm'),
(2, 'Jhon ', 'Doe', 'm');

-- --------------------------------------------------------

--
-- Table structure for table `comidas_carnes`
--

CREATE TABLE `comidas_carnes` (
  `id` int(11) NOT NULL,
  `nombre` varchar(50) NOT NULL,
  `imagen` varchar(50) NOT NULL
) ENGINE=InnoDB DEFAULT CHARSET=latin1;

--
-- Dumping data for table `comidas_carnes`
--

INSERT INTO `comidas_carnes` (`id`, `nombre`, `imagen`) VALUES
(1, 'pollo', ''),
(2, 'ternera', ''),
(3, 'pescado', ''),
(4, 'cerdo', '');

-- --------------------------------------------------------

--
-- Table structure for table `comidas_frutas`
--

CREATE TABLE `comidas_frutas` (
  `id` int(11) NOT NULL,
  `nombre` varchar(50) NOT NULL,
  `imagen` varchar(50) NOT NULL
) ENGINE=InnoDB DEFAULT CHARSET=latin1;

--
-- Dumping data for table `comidas_frutas`
--

INSERT INTO `comidas_frutas` (`id`, `nombre`, `imagen`) VALUES
(1, 'naranja', ''),
(2, 'manzana', ''),
(3, 'banana', '');

-- --------------------------------------------------------

--
-- Table structure for table `comidas_productos`
--

CREATE TABLE `comidas_productos` (
  `id` int(11) NOT NULL,
  `nombre` varchar(50) NOT NULL,
  `imagen` varchar(50) NOT NULL
) ENGINE=InnoDB DEFAULT CHARSET=latin1;

--
-- Dumping data for table `comidas_productos`
--

INSERT INTO `comidas_productos` (`id`, `nombre`, `imagen`) VALUES
(1, 'huevo', ''),
(2, 'nueces', ''),
(3, 'yogurt', ''),
(4, 'leche', ''),
(5, 'queso', ''),
(6, 'requesón', '');

-- --------------------------------------------------------

--
-- Table structure for table `comidas_verduras`
--

CREATE TABLE `comidas_verduras` (
  `id` int(11) NOT NULL,
  `nombre` varchar(50) NOT NULL,
  `imagen` varchar(50) NOT NULL
) ENGINE=InnoDB DEFAULT CHARSET=latin1;

--
-- Dumping data for table `comidas_verduras`
--

INSERT INTO `comidas_verduras` (`id`, `nombre`, `imagen`) VALUES
(1, 'papa', ''),
(2, 'arroz', ''),
(3, 'porotos', ''),
(4, 'avena', '');

-- --------------------------------------------------------

--
-- Table structure for table `comida_categorias`
--

CREATE TABLE `comida_categorias` (
  `id` int(11) NOT NULL,
  `nombre` varchar(50) NOT NULL,
  `foto` varchar(50) NOT NULL
) ENGINE=InnoDB DEFAULT CHARSET=latin1;

--
-- Dumping data for table `comida_categorias`
--

INSERT INTO `comida_categorias` (`id`, `nombre`, `foto`) VALUES
(1, 'carne', ''),
(2, 'frutas', ''),
(3, 'verduras', ''),
(4, 'productos', '');

-- --------------------------------------------------------

--
-- Table structure for table `dieta_comidas`
--

CREATE TABLE `dieta_comidas` (
  `id` int(11) NOT NULL,
  `nombre` varchar(50) NOT NULL,
  `descripcion` varchar(200) NOT NULL,
  `categoria` int(11) NOT NULL,
  `foto` varchar(50) NOT NULL
) ENGINE=InnoDB DEFAULT CHARSET=latin1;

-- --------------------------------------------------------

--
-- Table structure for table `galeria_categorias`
--

CREATE TABLE `galeria_categorias` (
  `id` int(11) NOT NULL,
  `nombre` varchar(200) NOT NULL,
  `descripcion` text NOT NULL
) ENGINE=InnoDB DEFAULT CHARSET=latin1;

--
-- Dumping data for table `galeria_categorias`
--

INSERT INTO `galeria_categorias` (`id`, `nombre`, `descripcion`) VALUES
(1, 'entrenamiento', 'fotos de entrenamiento'),
(2, 'antes|despues', 'fotos de clientes felices');

-- --------------------------------------------------------

--
-- Table structure for table `galeria_imagen`
--

CREATE TABLE `galeria_imagen` (
  `id` int(11) NOT NULL,
  `nombre` varchar(50) NOT NULL,
  `descripcion` text NOT NULL,
  `categoria` int(11) NOT NULL,
  `imagen` varchar(100) NOT NULL,
  `fecha` datetime NOT NULL
) ENGINE=InnoDB DEFAULT CHARSET=latin1;

--
-- Dumping data for table `galeria_imagen`
--

INSERT INTO `galeria_imagen` (`id`, `nombre`, `descripcion`, `categoria`, `imagen`, `fecha`) VALUES
(3, 'Sol', 'Fotografía del sol tomada desde el satelite (SEO)', 2, 'sol.jpg', '2018-07-12 00:00:00'),
(5, 'Nebulosa', '', 2, 'nebulosa.jpg', '2018-08-02 00:00:00');

-- --------------------------------------------------------

--
-- Table structure for table `mensajes`
--

CREATE TABLE `mensajes` (
  `id` int(11) NOT NULL,
  `asunto` varchar(50) NOT NULL,
  `cuerpo` text NOT NULL,
  `remitente` int(11) NOT NULL
) ENGINE=InnoDB DEFAULT CHARSET=latin1;

--
-- Dumping data for table `mensajes`
--

INSERT INTO `mensajes` (`id`, `asunto`, `cuerpo`, `remitente`) VALUES
(1, 'hola', 'esto es un mensaje de prueba', 0),
(2, 'chau', 'esto también es un mensaje de prueba', 0),
(3, 'hola', 'esto es un mensaje de prueba', 5),
(4, 'chau', 'esto también es un mensaje de prueba', 1),
(5, 'chau', 'esto también es un mensaje de prueba', 1),
(6, 'chau', 'esto también es un mensaje de prueba', 1),
(7, 'chau', 'esto también es un mensaje de prueba', 1),
(8, 'chau', 'esto también es un mensaje de prueba', 1);

-- --------------------------------------------------------

--
-- Table structure for table `tienda_categoria`
--

CREATE TABLE `tienda_categoria` (
  `id` int(11) NOT NULL,
  `nombre` varchar(50) NOT NULL,
  `descripcion` text NOT NULL
) ENGINE=InnoDB DEFAULT CHARSET=latin1;

--
-- Dumping data for table `tienda_categoria`
--

INSERT INTO `tienda_categoria` (`id`, `nombre`, `descripcion`) VALUES
(1, '50 ml', 'Volúmen del contenido: 50ml'),
(2, '100 ml', 'Volúmen del contenido : 100 ml'),
(3, '200 ml', 'Volúmen del contenido : 200 ml'),
(4, 'nueva categoria', 'aksdpoaskdposad'),
(5, 'nueva categoria', 'aksdpoaskdposad'),
(6, 'asd', 'asd'),
(7, 'asd', 'asd'),
(8, 'asd', 'asd'),
(9, 'asd', 'asd'),
(10, 'asd', 'asd'),
(11, 'asd', 'asd'),
(12, 'asd', 'asd'),
(13, 'asd', 'asd'),
(14, 'asd', 'asd');

-- --------------------------------------------------------

--
-- Table structure for table `tienda_productos`
--

CREATE TABLE `tienda_productos` (
  `id` int(11) NOT NULL,
  `nombre` varchar(50) NOT NULL,
  `descripcion` text NOT NULL,
  `imagen` varchar(50) NOT NULL,
  `precio` decimal(10,0) NOT NULL,
  `categoria` int(11) NOT NULL,
  `status` int(1) NOT NULL DEFAULT '1'
) ENGINE=InnoDB DEFAULT CHARSET=latin1;

--
-- Dumping data for table `tienda_productos`
--

INSERT INTO `tienda_productos` (`id`, `nombre`, `descripcion`, `imagen`, `precio`, `categoria`, `status`) VALUES
(1, 'creatina', 'complemento para aumentar masa muscular', 'star-clusters-67616_1920.jpg', '2000', 3, 1),
(2, 'agrego otro', 'oasjdosaaaa', '', '2020', 1, 1),
(3, 'agrego otro', 'oasjdosaaaa', '', '2020', 1, 1),
(5, 'xd', 'xd', 'universe-2742113_1920.jpg', '22', 1, 0),
(6, 'NUEVO PRODUCTO VIA POST', 'ASDASD', 'universe-1566161_1920.jpg', '12', 1, 0),
(7, 'agregar refactorizado', 'funciona', 'universe-2742113_1920.jpg', '12', 1, 1),
(8, 'nuevo producto', 'asd', 'astronaut-1784245_1920.jpg', '12', 1, 1),
(9, 'nuevo producto', 'asd', 'universe-1566161_1920.jpg', '12', 1, 1),
(10, 'nuevo producto', 'asd', 'universe-1566161_1920.jpg', '12', 1, 1),
(11, 'nuevo producto', 'asd', '', '12', 1, 1),
(12, 'asd', 'asd', '', '12', 1, 1),
(13, 'IMAGEN PRODUCTO', 'ASD', '', '22', 1, 1),
(14, 'asdasd', 'asd', '1532956686.jpg', '12', 1, 1),
(15, 'ahora si', 'funcion', '1532956707.jpg', '12', 1, 1),
(16, 'imagen refactorrrrrrrrrrrrrrrrrrrrr', '123123123', '', '12', 1, 1),
(17, 'def', 'asd', '1532957182.jpg', '12', 1, 1),
(18, 'ads', 'asd', '1532959001.jpg', '12', 1, 1),
(19, 'PRODUCTO EN MAYUSCULA', 'ASDIJ', '', '12', 1, 1),
(20, 'imagen del prod', 'asd', '', '12', 1, 1),
(21, 'Agregar funciona', 'alsjkdalsdjkl', '', '12', 2, 1);

-- --------------------------------------------------------

--
-- Table structure for table `training_categorias`
--

CREATE TABLE `training_categorias` (
  `id` int(11) NOT NULL,
  `nombre` varchar(50) NOT NULL,
  `descripcion` text NOT NULL
) ENGINE=InnoDB DEFAULT CHARSET=latin1;

--
-- Dumping data for table `training_categorias`
--

INSERT INTO `training_categorias` (`id`, `nombre`, `descripcion`) VALUES
(1, 'Abdominales', 'Entrenamiento de abdominales'),
(2, 'Biceps', 'Entrenamiento de biceps'),
(3, 'Cuadriceps', 'Entrenamiento de cuadriceps'),
(4, 'Triceps', 'Entrenamiento de triceps');

-- --------------------------------------------------------

--
-- Table structure for table `training_videos`
--

CREATE TABLE `training_videos` (
  `id` int(11) NOT NULL,
  `nombre` varchar(50) NOT NULL,
  `descripcion` text NOT NULL,
  `url` text NOT NULL,
  `categoria` int(11) NOT NULL
) ENGINE=InnoDB DEFAULT CHARSET=latin1;

--
-- Dumping data for table `training_videos`
--

INSERT INTO `training_videos` (`id`, `nombre`, `descripcion`, `url`, `categoria`) VALUES
(1, '1. Calentamiento', 'En este video aprenderas a calentar tus musculos para realizar el entrenamiento de bicepcs', '2', 0),
(2, '1. Calentamiento', 'En este video te enseñaré una serie de ejercicios de calentamiento (SEO) para empezar a trabajar tus bicepcs', 'http://localhost/', 2);

--
-- Indexes for dumped tables
--

--
-- Indexes for table `actividad_fisica`
--
ALTER TABLE `actividad_fisica`
  ADD PRIMARY KEY (`id`);

--
-- Indexes for table `blog_articulos`
--
ALTER TABLE `blog_articulos`
  ADD PRIMARY KEY (`id`),
  ADD KEY `categoria` (`categoria`);

--
-- Indexes for table `blog_categorias`
--
ALTER TABLE `blog_categorias`
  ADD PRIMARY KEY (`id`),
  ADD UNIQUE KEY `nombre` (`nombre`);

--
-- Indexes for table `blog_categorias_en`
--
ALTER TABLE `blog_categorias_en`
  ADD PRIMARY KEY (`id`);

--
-- Indexes for table `ci_sessions`
--
ALTER TABLE `ci_sessions`
  ADD PRIMARY KEY (`id`,`ip_address`),
  ADD KEY `ci_sessions_timestamp` (`timestamp`);

--
-- Indexes for table `clientes`
--
ALTER TABLE `clientes`
  ADD PRIMARY KEY (`id`);

--
-- Indexes for table `comidas_carnes`
--
ALTER TABLE `comidas_carnes`
  ADD PRIMARY KEY (`id`);

--
-- Indexes for table `comidas_frutas`
--
ALTER TABLE `comidas_frutas`
  ADD PRIMARY KEY (`id`);

--
-- Indexes for table `comidas_productos`
--
ALTER TABLE `comidas_productos`
  ADD PRIMARY KEY (`id`);

--
-- Indexes for table `comidas_verduras`
--
ALTER TABLE `comidas_verduras`
  ADD PRIMARY KEY (`id`);

--
-- Indexes for table `comida_categorias`
--
ALTER TABLE `comida_categorias`
  ADD PRIMARY KEY (`id`);

--
-- Indexes for table `dieta_comidas`
--
ALTER TABLE `dieta_comidas`
  ADD PRIMARY KEY (`id`);

--
-- Indexes for table `galeria_categorias`
--
ALTER TABLE `galeria_categorias`
  ADD PRIMARY KEY (`id`),
  ADD UNIQUE KEY `nombre` (`nombre`);

--
-- Indexes for table `galeria_imagen`
--
ALTER TABLE `galeria_imagen`
  ADD PRIMARY KEY (`id`),
  ADD UNIQUE KEY `nombre` (`nombre`),
  ADD KEY `categoria` (`categoria`);

--
-- Indexes for table `mensajes`
--
ALTER TABLE `mensajes`
  ADD PRIMARY KEY (`id`);

--
-- Indexes for table `tienda_categoria`
--
ALTER TABLE `tienda_categoria`
  ADD PRIMARY KEY (`id`);

--
-- Indexes for table `tienda_productos`
--
ALTER TABLE `tienda_productos`
  ADD PRIMARY KEY (`id`);

--
-- Indexes for table `training_categorias`
--
ALTER TABLE `training_categorias`
  ADD PRIMARY KEY (`id`),
  ADD UNIQUE KEY `nombre` (`nombre`);

--
-- Indexes for table `training_videos`
--
ALTER TABLE `training_videos`
  ADD PRIMARY KEY (`id`);

--
-- AUTO_INCREMENT for dumped tables
--

--
-- AUTO_INCREMENT for table `actividad_fisica`
--
ALTER TABLE `actividad_fisica`
  MODIFY `id` int(11) NOT NULL AUTO_INCREMENT;

--
-- AUTO_INCREMENT for table `blog_articulos`
--
ALTER TABLE `blog_articulos`
  MODIFY `id` int(11) NOT NULL AUTO_INCREMENT, AUTO_INCREMENT=82;

--
-- AUTO_INCREMENT for table `blog_categorias`
--
ALTER TABLE `blog_categorias`
  MODIFY `id` int(11) NOT NULL AUTO_INCREMENT, AUTO_INCREMENT=32;

--
-- AUTO_INCREMENT for table `blog_categorias_en`
--
ALTER TABLE `blog_categorias_en`
  MODIFY `id` int(11) NOT NULL AUTO_INCREMENT, AUTO_INCREMENT=7;

--
-- AUTO_INCREMENT for table `clientes`
--
ALTER TABLE `clientes`
  MODIFY `id` int(11) NOT NULL AUTO_INCREMENT, AUTO_INCREMENT=3;

--
-- AUTO_INCREMENT for table `comidas_carnes`
--
ALTER TABLE `comidas_carnes`
  MODIFY `id` int(11) NOT NULL AUTO_INCREMENT, AUTO_INCREMENT=5;

--
-- AUTO_INCREMENT for table `comidas_frutas`
--
ALTER TABLE `comidas_frutas`
  MODIFY `id` int(11) NOT NULL AUTO_INCREMENT, AUTO_INCREMENT=4;

--
-- AUTO_INCREMENT for table `comidas_productos`
--
ALTER TABLE `comidas_productos`
  MODIFY `id` int(11) NOT NULL AUTO_INCREMENT, AUTO_INCREMENT=7;

--
-- AUTO_INCREMENT for table `comidas_verduras`
--
ALTER TABLE `comidas_verduras`
  MODIFY `id` int(11) NOT NULL AUTO_INCREMENT, AUTO_INCREMENT=5;

--
-- AUTO_INCREMENT for table `comida_categorias`
--
ALTER TABLE `comida_categorias`
  MODIFY `id` int(11) NOT NULL AUTO_INCREMENT, AUTO_INCREMENT=5;

--
-- AUTO_INCREMENT for table `dieta_comidas`
--
ALTER TABLE `dieta_comidas`
  MODIFY `id` int(11) NOT NULL AUTO_INCREMENT;

--
-- AUTO_INCREMENT for table `galeria_categorias`
--
ALTER TABLE `galeria_categorias`
  MODIFY `id` int(11) NOT NULL AUTO_INCREMENT, AUTO_INCREMENT=3;

--
-- AUTO_INCREMENT for table `galeria_imagen`
--
ALTER TABLE `galeria_imagen`
  MODIFY `id` int(11) NOT NULL AUTO_INCREMENT, AUTO_INCREMENT=6;

--
-- AUTO_INCREMENT for table `mensajes`
--
ALTER TABLE `mensajes`
  MODIFY `id` int(11) NOT NULL AUTO_INCREMENT, AUTO_INCREMENT=9;

--
-- AUTO_INCREMENT for table `tienda_categoria`
--
ALTER TABLE `tienda_categoria`
  MODIFY `id` int(11) NOT NULL AUTO_INCREMENT, AUTO_INCREMENT=15;

--
-- AUTO_INCREMENT for table `tienda_productos`
--
ALTER TABLE `tienda_productos`
  MODIFY `id` int(11) NOT NULL AUTO_INCREMENT, AUTO_INCREMENT=22;

--
-- AUTO_INCREMENT for table `training_categorias`
--
ALTER TABLE `training_categorias`
  MODIFY `id` int(11) NOT NULL AUTO_INCREMENT, AUTO_INCREMENT=5;

--
-- AUTO_INCREMENT for table `training_videos`
--
ALTER TABLE `training_videos`
  MODIFY `id` int(11) NOT NULL AUTO_INCREMENT, AUTO_INCREMENT=3;

--
-- Constraints for dumped tables
--

--
-- Constraints for table `blog_articulos`
--
ALTER TABLE `blog_articulos`
  ADD CONSTRAINT `blog_articulos_ibfk_1` FOREIGN KEY (`categoria`) REFERENCES `blog_categorias` (`id`);

--
-- Constraints for table `galeria_imagen`
--
ALTER TABLE `galeria_imagen`
  ADD CONSTRAINT `galeria_imagen_ibfk_1` FOREIGN KEY (`categoria`) REFERENCES `blog_categorias` (`id`);
COMMIT;

/*!40101 SET CHARACTER_SET_CLIENT=@OLD_CHARACTER_SET_CLIENT */;
/*!40101 SET CHARACTER_SET_RESULTS=@OLD_CHARACTER_SET_RESULTS */;
/*!40101 SET COLLATION_CONNECTION=@OLD_COLLATION_CONNECTION */;
